Time_Stamp,SBP_Means,DBP_Means,MBP_Means
900,132.1333333,63.7,86.53333333
2700,130.6,63.1,85.6
4500,129.8,63.7,85.76666667
6300,127.9333333,63.6,84.9
8100,125.9333333,63.13333333,84.06666667
9900,125.1666667,63.53333333,84.03333333
11700,123.9,63.7,83.83333333
13500,121.3,63.26666667,82.6
15300,121.4,64,83
17100,119.2666667,63.1,81.86666667
18900,117.6,63.43333333,81.46666667
